Date,Cases,Fatalities,Recoveries,Tests,Positive,Hospitalizations,Ventilators,Critical,Serious,Serious but not ventilated,Moderate,Mild,Cumulative serious,First dose,Second dose
2020-02-29,6,0,0,863,6,,,,,,,,,,
2020-03-01,7,0,0,1041,7,,,,,,,,,,
2020-03-02,12,0,0,1211,12,10,0,0,0,0,0,10,0,,
2020-03-03,15,0,0,1438,15,10,0,0,0,0,0,10,0,,
2020-03-04,15,0,0,1566,15,12,0,0,0,0,0,12,0,,
2020-03-05,24,0,0,1731,24,13,0,0,1,1,0,12,1,,
2020-03-06,28,0,0,2005,28,16,1,0,2,1,0,14,2,,
2020-03-07,32,0,0,2329,32,19,2,0,3,1,0,16,3,,
2020-03-08,41,0,0,2746,41,26,4,0,5,1,0,21,5,,
2020-03-09,45,0,0,3261,45,40,4,0,5,1,0,35,5,,
2020-03-10,78,0,0,3756,78,61,5,0,6,1,0,55,6,,
2020-03-11,97,0,0,4132,97,84,6,0,7,1,1,76,7,,
2020-03-12,119,0,0,4726,119,107,6,0,7,1,1,99,7,,
2020-03-13,154,0,1,5415,154,126,6,0,7,1,5,114,7,,
2020-03-14,183,0,1,6026,183,166,4,0,6,2,5,155,8,,
2020-03-15,223,0,1,7151,223,205,6,0,9,3,7,189,11,,
2020-03-16,296,0,1,8471,296,224,7,0,11,4,6,207,13,,
2020-03-17,390,0,3,10036,390,259,7,0,12,5,7,240,14,,
2020-03-18,515,0,5,12026,515,312,7,0,16,9,12,284,18,,
2020-03-19,651,0,9,14009,651,300,12,0,21,9,12,267,23,,
2020-03-20,819,1,10,16240,819,293,12,0,23,11,15,255,26,,
2020-03-21,1030,1,11,18306,1030,284,15,0,27,12,22,235,30,,
2020-03-22,1284,1,15,21402,1284,333,22,0,38,16,33,262,41,,
2020-03-23,1636,1,21,24799,1636,363,24,0,44,20,37,282,48,,
2020-03-24,2059,4,26,29317,2059,408,26,0,48,22,49,311,55,,
2020-03-25,2484,5,32,35093,2484,428,28,0,52,24,54,322,60,,
2020-03-26,3004,10,42,41329,3004,484,30,0,55,25,67,362,68,,
2020-03-27,3438,12,60,46901,3438,533,37,0,67,30,71,395,82,,
2020-03-28,3917,13,69,52435,3917,528,41,0,70,29,83,375,87,,
2020-03-29,4448,16,84,59662,4448,557,50,0,80,30,88,389,101,,
2020-03-30,4996,17,117,66483,4996,634,54,0,89,35,105,440,113,,
2020-03-31,5735,21,160,74013,5735,684,64,0,99,35,115,470,128,,
2020-04-01,6438,29,315,82590,6431,773,73,0,111,38,143,519,148,,
2020-04-02,7157,38,395,92057,7150,818,79,0,113,34,145,560,160,,
2020-04-03,7756,43,452,101838,7749,816,93,1,131,38,159,526,182,,
2020-04-04,8185,49,505,107826,8178,790,107,1,140,33,170,480,197,,
2020-04-05,8770,56,607,116605,8763,826,107,1,135,28,193,498,203,,
2020-04-06,9220,64,728,123373,9213,807,110,1,147,37,208,452,223,,
2020-04-07,9597,72,850,129549,9590,749,106,2,160,54,204,385,241,,
2020-04-08,9936,80,957,134498,9929,697,115,1,166,51,196,335,258,,
2020-04-09,10279,89,1070,139499,10272,671,117,1,166,49,189,316,274,,
2020-04-10,10638,97,1199,145825,10631,678,128,1,170,42,173,335,284,,
2020-04-11,10983,103,1320,151588,10976,631,130,1,182,52,163,286,308,,
2020-04-12,11535,109,1577,160112,11528,674,130,1,177,47,175,322,326,,
2020-04-13,11973,118,1859,169296,11966,700,137,1,192,55,169,339,352,,
2020-04-14,12372,126,2152,180258,12365,689,134,1,178,44,173,338,359,,
2020-04-15,12683,139,2432,188055,12676,696,133,1,179,46,175,342,380,,
2020-04-16,12980,146,2756,199266,12973,707,137,1,182,45,163,362,393,,
2020-04-17,13278,155,3112,209235,13271,672,124,1,165,41,163,344,401,,
2020-04-18,13569,166,3358,218193,13562,643,118,1,174,56,141,328,417,,
2020-04-19,13845,174,3741,228189,13838,629,118,1,157,39,148,324,425,,
2020-04-20,14144,180,4190,241483,14137,606,123,2,154,31,135,317,430,,
2020-04-21,14426,190,4562,253118,14419,553,119,3,145,26,146,262,436,,
2020-04-22,14651,193,4954,264888,14644,530,110,3,149,39,122,259,444,,
2020-04-23,14927,197,5284,277146,14920,500,115,3,146,31,106,248,449,,
2020-04-24,15176,200,5621,287624,15169,469,110,3,144,34,109,216,456,,
2020-04-25,15335,203,5998,294981,15328,442,107,3,136,29,105,201,459,,
2020-04-26,15418,205,6429,302322,15411,438,111,3,142,31,91,205,466,,
2020-04-27,15545,209,6896,311741,15538,415,101,3,132,31,89,194,468,,
2020-04-28,15706,214,7456,320557,15699,395,100,3,127,27,85,183,472,,
2020-04-29,15788,220,7808,327949,15781,383,96,3,122,26,86,175,477,,
2020-04-30,15930,226,8232,336541,15923,378,90,3,112,22,87,179,480,,
2020-05-01,16046,230,8651,345761,16039,346,89,3,109,20,81,156,484,,
2020-05-02,16103,233,8931,350521,16096,338,90,3,111,21,67,160,486,,
2020-05-03,16130,236,9222,357919,16123,327,84,3,101,17,71,155,486,,
2020-05-04,16185,239,9482,365875,16178,309,78,2,97,19,71,141,487,,
2020-05-05,16218,241,9799,373564,16211,272,72,2,91,19,61,120,487,,
2020-05-06,16283,242,10059,382109,16276,268,70,2,88,18,61,119,488,,
2020-05-07,16344,243,10288,391239,16337,256,70,2,84,14,60,112,489,,
2020-05-08,16377,249,10511,398426,16370,244,64,2,78,14,53,113,491,,
2020-05-09,16397,252,10600,401935,16390,248,64,2,78,14,50,120,492,,
2020-05-10,16426,256,10771,406345,16419,246,66,2,74,8,51,121,495,,
2020-05-11,16465,261,11102,414171,16458,230,60,2,69,9,54,107,498,,
2020-05-12,16488,264,11360,420852,16481,220,56,2,66,10,52,102,500,,
2020-05-13,16527,267,11542,428377,16520,204,53,2,61,8,48,95,502,,
2020-05-14,16549,270,11784,436054,16542,199,52,2,61,9,43,95,503,,
2020-05-15,16561,270,11946,441127,16554,190,52,2,61,9,43,86,503,,
2020-05-16,16566,273,12050,442470,16559,184,51,1,60,9,40,84,503,,
2020-05-17,16581,277,12203,446689,16574,187,45,1,55,10,38,94,505,,
2020-05-18,16608,280,12479,453486,16601,173,43,1,52,9,42,79,506,,
2020-05-19,16630,282,12633,459988,16623,167,40,1,51,11,43,73,508,,
2020-05-20,16645,283,12747,465608,16638,160,41,1,46,5,40,74,508,,
2020-05-21,16662,283,12872,471210,16655,152,37,1,47,10,31,74,508,,
2020-05-22,16681,283,13035,475825,16674,144,37,1,46,9,32,66,508,,
2020-05-23,16686,283,13079,476495,16679,144,37,1,46,9,33,65,508,,
2020-05-24,16699,284,13195,479934,16692,142,34,1,43,9,36,63,508,,
2020-05-25,16721,286,13328,484784,16714,133,29,1,41,12,32,60,509,,
2020-05-26,16771,286,13419,491298,16764,125,32,1,36,4,37,52,509,,
2020-05-27,16811,288,13481,497739,16804,123,36,2,40,4,37,46,510,,
2020-05-28,16888,289,13596,502770,16881,123,34,1,36,2,37,50,510,,
2020-05-29,17001,289,13635,504573,16994,120,37,1,39,2,36,45,511,,
2020-05-30,17030,289,13675,505614,17023,126,33,1,35,2,43,48,511,,
2020-05-31,17117,289,13736,511113,17110,129,31,1,35,4,47,47,512,,
2020-06-01,17217,292,13804,519020,17210,128,29,1,32,3,45,51,512,,
2020-06-02,17338,294,13857,530597,17331,123,29,1,29,0,44,50,513,,
2020-06-03,17435,295,13884,543639,17428,122,25,1,28,3,42,52,513,,
2020-06-04,17577,295,13926,558367,17570,129,23,1,30,7,37,62,516,,
2020-06-05,17704,296,13963,574718,17697,123,23,1,29,6,41,53,516,,
2020-06-06,17782,300,13987,586160,17775,118,21,1,29,8,42,47,519,,
2020-06-07,17922,302,14029,601051,17915,126,23,1,29,6,42,55,523,,
2020-06-08,18101,302,14068,615539,18094,137,23,1,30,7,46,61,525,,
2020-06-09,18275,303,14113,630406,18268,133,24,1,31,7,42,60,528,,
2020-06-10,18515,304,14164,648571,18508,142,24,1,32,8,45,65,530,,
2020-06-11,18707,304,14219,664136,18700,137,24,1,35,11,38,64,534,,
2020-06-12,18891,304,14273,677015,18884,140,25,1,35,10,43,62,537,,
2020-06-13,19040,305,14313,683862,19033,137,26,1,35,9,45,57,537,,
2020-06-14,19176,307,14362,692497,19169,147,23,1,31,8,48,68,538,,
2020-06-15,19375,307,14451,706606,19368,159,25,1,36,11,47,76,545,,
2020-06-16,19674,308,14504,722529,19667,156,26,1,38,12,44,74,548,,
2020-06-17,19945,308,14551,738167,19938,162,29,1,36,7,49,77,550,,
2020-06-18,20247,308,14601,755106,20240,190,28,1,40,12,43,107,555,,
2020-06-19,20557,309,14658,767554,20550,194,29,1,39,10,47,108,559,,
2020-06-20,20718,310,14694,773332,20711,218,28,1,41,13,50,127,563,,
2020-06-21,20891,310,14744,782240,20884,251,29,0,45,16,59,147,569,,
2020-06-22,21236,311,14803,795700,21229,237,29,0,44,15,56,137,571,,
2020-06-23,21688,313,14887,814862,21681,221,26,0,40,14,52,129,573,,
2020-06-24,22175,316,14958,832731,22168,226,27,0,45,18,45,136,578,,
2020-06-25,22691,320,15033,850710,22684,221,28,0,44,16,56,121,583,,
2020-06-26,23155,323,15163,866830,23148,241,26,0,45,19,57,139,589,,
2020-06-27,23553,326,15213,876881,23546,244,22,0,40,18,56,148,590,,
2020-06-28,23939,328,15353,886771,23932,272,22,0,39,17,67,166,594,,
2020-06-29,24695,328,15517,907029,24688,277,24,0,44,20,68,165,599,,
2020-06-30,25484,329,15647,927174,25477,296,24,0,56,32,68,172,611,,
2020-07-01,26455,332,15745,948003,26448,333,24,0,59,35,73,201,618,,
2020-07-02,27604,333,15871,972268,27597,345,28,0,72,44,72,201,638,,
2020-07-03,28545,336,15987,992734,28538,360,29,0,83,54,75,202,646,,
2020-07-04,29366,341,16063,1009434,29359,370,33,0,85,52,84,201,655,,
2020-07-05,30197,343,16207,1029710,30190,428,32,0,94,62,82,252,668,,
2020-07-06,31331,351,16400,1054458,31324,450,34,0,90,56,97,263,675,,
2020-07-07,32721,356,16572,1082157,32714,469,35,0,93,58,95,281,690,,
2020-07-08,34048,361,16796,1110751,34041,496,38,1,113,75,89,294,714,,
2020-07-09,35573,366,17022,1139652,35566,553,41,0,126,85,100,327,746,,
2020-07-10,36983,370,17235,1164418,36976,563,41,0,130,89,105,328,761,,
2020-07-11,38151,375,17426,1183664,38144,568,46,0,136,90,120,312,779,,
2020-07-12,39390,382,17764,1203956,39383,643,47,0,151,104,125,367,807,,
2020-07-13,41108,386,18127,1231431,41101,658,53,0,184,131,121,353,850,,
2020-07-14,42710,393,18440,1261408,42703,644,55,0,190,135,140,314,882,,
2020-07-15,44587,399,18802,1289323,44580,682,58,1,209,151,121,352,919,,
2020-07-16,46524,408,19310,1317775,46517,693,59,1,209,150,133,351,947,,
2020-07-17,48129,420,19791,1341354,48122,706,58,1,219,161,150,337,973,,
2020-07-18,49577,428,20239,1359565,49570,713,56,1,235,179,150,328,1001,,
2020-07-19,50593,438,20759,1377380,50586,828,73,1,270,197,144,414,1067,,
2020-07-20,52480,450,21387,1401870,52473,824,78,1,264,186,148,412,1105,,
2020-07-21,54486,459,22029,1428635,54479,811,80,1,256,176,142,413,1140,,
2020-07-22,56530,465,25752,1454350,56523,806,79,1,284,205,138,384,1194,,
2020-07-23,58519,481,32508,1483634,58512,822,83,1,309,226,152,361,1249,,
2020-07-24,60350,489,34110,1506331,60343,816,86,1,326,240,152,338,1284,,
2020-07-25,61462,496,34701,1520967,61455,819,97,1,319,222,178,322,1305,,
2020-07-26,62503,507,37435,1532394,62496,894,98,1,309,211,197,388,1341,,
2020-07-27,64553,514,39200,1559638,64546,919,93,1,314,221,182,423,1386,,
2020-07-28,66678,522,40755,1585407,66671,904,92,1,320,228,185,399,1432,,
2020-07-29,68635,537,42162,1610862,68628,895,94,1,333,239,173,389,1479,,
2020-07-30,70423,552,43846,1632084,70416,865,99,1,316,217,172,377,1513,,
2020-07-31,71785,566,45139,1654225,71778,862,91,1,315,224,172,375,1541,,
2020-08-01,72410,580,45672,1661681,72403,870,91,0,335,244,165,370,1585,,
2020-08-02,73119,592,48117,1671300,73112,947,97,0,347,250,171,429,1630,,
2020-08-03,74919,607,49917,1693852,74912,922,91,0,326,235,147,449,1670,,
2020-08-04,76648,618,51564,1718940,76641,888,95,0,339,244,165,384,1722,,
2020-08-05,78338,628,53046,1743830,78331,902,102,0,352,250,164,386,1756,,
2020-08-06,80015,637,54798,1771670,80008,885,94,2,354,260,152,379,1794,,
2020-08-07,81780,649,56009,1796202,81773,886,101,2,364,263,159,363,1833,,
2020-08-08,82534,662,56617,1804336,82527,902,98,2,384,286,178,339,1874,,
2020-08-09,83458,670,58957,1815879,83451,1004,107,2,384,277,199,420,1921,,
2020-08-10,85162,685,60350,1839254,85155,939,107,3,389,282,183,367,1957,,
2020-08-11,86986,696,61333,1865827,86979,903,108,1,371,263,191,341,2001,,
2020-08-12,88608,712,62467,1891120,88601,879,105,5,370,265,171,338,2040,,
2020-08-13,90252,728,63776,1918934,90245,890,106,3,369,263,178,343,2084,,
2020-08-14,91640,740,64761,1939016,91633,890,101,3,367,266,179,343,2119,,
2020-08-15,92397,750,65325,1947880,92390,921,108,3,381,273,180,359,2155,,
2020-08-16,93465,770,67544,1959502,93458,989,105,4,372,267,196,420,2201,,
2020-08-17,95115,774,68739,1984396,95108,948,107,112,392,285,183,372,2250,,
2020-08-18,96764,788,69858,2011176,96757,955,111,120,397,286,185,371,2304,,
2020-08-19,98405,800,71334,2038416,98398,923,110,116,380,270,178,364,2336,,
2020-08-20,99892,814,72771,2066265,99885,927,109,117,391,282,176,355,2386,,
2020-08-21,101386,827,73811,2092627,101379,922,109,115,398,289,169,352,2422,,
2020-08-22,102097,837,74477,2103146,102090,936,113,120,401,288,179,354,2450,,
2020-08-23,103062,850,76600,2115753,103055,1022,112,119,403,291,209,402,2509,,
2020-08-24,104963,866,78002,2144554,104956,1026,116,124,422,306,200,402,2570,,
2020-08-25,106922,885,78798,2177373,106915,995,115,123,424,309,180,385,2616,,
2020-08-26,108907,896,82453,2210477,108900,1022,115,120,413,298,188,413,2659,,
2020-08-27,111011,907,83974,2245704,111004,1016,114,122,417,303,191,406,2710,,
2020-08-28,112844,920,85810,2268059,112837,973,110,120,414,304,202,353,2751,,
2020-08-29,113754,925,86522,2278229,113747,971,115,126,434,319,195,335,2785,,
2020-08-30,114855,939,88805,2291140,114848,1085,124,131,448,324,212,415,2838,,
2020-08-31,117033,962,90281,2321793,117026,1083,118,125,430,312,206,442,2888,,
2020-09-01,119286,977,91288,2349320,119279,1029,115,123,411,296,198,407,2925,,
2020-09-02,122478,990,92689,2383897,122471,1004,119,123,414,295,170,410,2973,,
2020-09-03,125140,1006,94483,2417877,125133,1010,114,116,405,291,158,424,3008,,
2020-09-04,127763,1018,95679,2448615,127756,991,118,121,419,301,147,416,3062,,
2020-09-05,129268,1033,96564,2463906,129261,1006,124,129,437,313,148,409,3112,,
2020-09-06,131444,1045,98963,2482630,131437,1133,129,132,454,325,186,472,3171,,
2020-09-07,134832,1062,100561,2522645,134825,1118,131,135,455,324,183,452,3221,,
2020-09-08,138321,1082,101997,2567043,138314,1144,139,139,460,321,185,484,3277,,
2020-09-09,142314,1097,103463,2612151,142307,1155,136,145,485,349,190,466,3358,,
2020-09-10,146475,1111,105441,2659530,146468,1184,136,149,489,353,199,474,3417,,
2020-09-11,150450,1131,107216,2702313,150443,1189,129,140,490,361,203,481,3467,,
2020-09-12,153170,1146,108483,2732096,153163,1193,130,138,514,384,204,451,3531,,
2020-09-13,156344,1163,111760,2765970,156337,1315,132,150,517,385,233,549,3599,,
2020-09-14,161156,1183,114173,2813135,161149,1348,131,144,525,394,234,573,3667,,
2020-09-15,166695,1199,116451,2869442,166688,1344,130,137,514,384,231,554,3732,,
2020-09-16,171271,1225,119254,2922399,171264,1367,134,138,528,394,269,551,3813,,
2020-09-17,176657,1242,122974,2979858,176650,1405,139,156,565,426,250,554,3906,,
2020-09-18,181998,1263,125833,3033093,181991,1400,142,150,586,444,254,524,3982,,
2020-09-19,185810,1291,127282,3074864,185803,1392,145,159,606,461,252,510,4055,,
2020-09-20,188388,1312,129765,3098372,188381,1499,156,165,628,472,241,604,4134,,
2020-09-21,192262,1344,134436,3131800,192255,1580,160,173,650,490,276,616,4237,,
2020-09-22,199288,1369,137970,3192877,199281,1562,158,177,628,470,295,606,4319,,
2020-09-23,206439,1394,141802,3250612,206432,1589,150,167,666,516,265,615,4416,,
2020-09-24,214713,1425,146422,3316768,214706,1625,148,192,661,513,276,632,4508,,
2020-09-25,223110,1454,150597,3377986,223103,1617,164,207,705,541,257,628,4620,,
2020-09-26,228991,1481,153002,3423040,228984,1649,179,221,718,539,282,627,4707,,
2020-09-27,232432,1512,158721,3447235,232425,1787,187,223,732,545,286,731,4823,,
2020-09-28,233591,1540,160903,3454926,233584,1746,185,220,759,574,302,660,4900,,
2020-09-29,238584,1575,166733,3488097,238577,1918,195,247,801,606,310,762,5023,,
2020-09-30,247662,1612,171977,3555763,247655,1838,198,249,819,621,286,691,5148,,
2020-10-01,255391,1658,177762,3619419,255384,1805,182,238,813,631,302,660,5269,,
2020-10-02,262452,1683,183372,3679250,262445,1799,193,250,847,654,294,637,5368,,
2020-10-03,265047,1721,186896,3702756,265040,1775,206,260,843,637,330,591,5452,,
2020-10-04,267985,1758,195039,3727599,267978,1918,209,264,898,689,351,640,5582,,
2020-10-05,273706,1785,202026,3777306,273699,1867,209,270,870,661,336,633,5686,,
2020-10-06,278431,1830,208497,3822045,278424,1872,209,271,852,643,350,633,5771,,
2020-10-07,282595,1856,213417,3868549,282588,1816,216,280,847,631,329,615,5864,,
2020-10-08,286351,1903,218245,3915734,286344,1781,217,283,840,623,337,587,5958,,
2020-10-09,289315,1943,223376,3950941,289308,1688,217,269,830,613,293,537,6035,,
2020-10-10,290231,1978,227199,3963233,290224,1670,217,276,811,594,295,546,6091,,
2020-10-11,291877,2023,234801,3984522,291870,1806,214,273,807,593,324,651,6192,,
2020-10-12,295046,2053,240347,4028847,295039,1731,210,274,800,590,306,613,6262,,
2020-10-13,297382,2090,246110,4071271,297375,1626,223,285,764,541,277,570,6330,,
2020-10-14,299500,2124,251979,4109936,299493,1545,214,267,723,509,252,563,6400,,
2020-10-15,301112,2156,257426,4145457,301105,1475,203,267,700,497,243,513,6459,,
2020-10-16,302612,2191,260925,4178399,302605,1359,217,262,658,441,227,453,6500,,
2020-10-17,303024,2223,263444,4192617,303017,1290,219,256,646,427,187,447,6540,,
2020-10-18,303949,2256,268391,4218651,303942,1340,223,240,658,435,223,424,6618,,
2020-10-19,305466,2287,270754,4258458,305459,1274,224,256,644,420,191,409,6677,,
2020-10-20,306660,2307,272569,4298999,306653,1226,225,264,624,399,183,395,6718,,
2020-10-21,307830,2332,275729,4340437,307823,1188,223,258,604,381,181,384,6762,,
2020-10-22,308862,2361,278873,4374157,308855,1119,212,242,586,374,177,337,6803,,
2020-10-23,309712,2387,281318,4403428,309705,1060,206,233,558,352,164,321,6836,,
2020-10-24,309958,2413,282627,4409739,309951,1041,200,230,534,334,158,317,6866,,
2020-10-25,310564,2447,285329,4430455,310557,1062,189,234,507,318,165,365,6891,,
2020-10-26,311448,2475,286629,4469761,311441,984,198,229,493,295,144,325,6929,,
2020-10-27,312335,2503,287589,4509907,312328,917,191,213,478,287,142,281,6966,,
2020-10-28,313059,2513,288892,4543784,313052,898,187,211,464,277,139,280,6994,,
2020-10-29,313704,2532,290334,4580134,313697,859,185,201,444,259,125,268,7013,,
2020-10-30,314384,2544,291400,4611849,314377,786,182,198,428,246,109,232,7027,,
2020-10-31,314612,2569,292195,4619563,314605,756,170,184,409,239,109,232,7049,,
2020-11-01,315270,2588,293714,4641411,315263,798,167,186,398,231,130,252,7079,,
2020-11-02,316059,2603,294628,4675910,316052,753,169,198,402,233,105,227,7111,,
2020-11-03,316904,2629,295361,4716104,316897,727,163,186,381,218,111,221,7141,,
2020-11-04,317673,2644,295993,4754794,317666,700,150,179,354,204,110,220,7159,,
2020-11-05,318243,2658,296837,4789261,318236,692,149,174,333,184,110,235,7172,,
2020-11-06,318934,2674,297729,4819989,318927,667,135,156,318,183,108,231,7193,,
2020-11-07,319146,2682,298415,4828066,319139,652,142,156,326,184,102,217,7212,,
2020-11-08,319680,2689,299099,4849552,319673,688,141,164,337,196,105,233,7237,,
2020-11-09,320399,2696,300022,4883940,320392,690,136,160,333,197,104,240,7257,,
2020-11-10,321074,2706,300361,4924481,321067,673,131,150,309,178,113,243,7274,,
2020-11-11,321839,2713,301449,4963997,321832,653,135,154,309,174,112,216,7302,,
2020-11-12,322675,2725,302658,5003323,322668,637,129,142,303,174,108,207,7329,,
2020-11-13,323436,2730,303394,5038353,323429,617,122,140,291,169,112,207,7349,,
2020-11-14,323728,2741,303816,5051008,323721,634,122,139,291,169,114,222,7365,,
2020-11-15,324354,2755,304785,5074311,324347,680,123,145,311,188,111,247,7394,,
2020-11-16,325227,2764,305445,5122170,325220,664,115,137,316,201,91,242,7427,,
2020-11-17,326056,2776,306025,5177621,326049,646,123,137,316,193,95,223,7450,,
2020-11-18,326851,2783,306825,5223263,326844,637,122,139,313,191,93,218,7476,,
2020-11-19,327622,2791,307575,5278426,327615,663,120,137,319,199,88,235,7503,,
2020-11-20,328396,2797,308250,5321649,328389,651,119,142,315,196,83,232,7520,,
2020-11-21,328818,2809,308700,5337254,328811,648,115,134,309,194,95,234,7544,,
2020-11-22,329580,2825,309706,5371568,329573,660,113,131,305,192,97,243,7571,,
2020-11-23,330539,2832,310358,5424066,330532,638,110,123,290,180,93,245,7598,,
2020-11-24,331396,2837,310901,5482789,331389,610,108,127,283,175,84,224,7620,,
2020-11-25,332476,2842,311748,5542428,332469,620,107,120,292,185,80,235,7648,,
2020-11-26,333563,2851,312679,5595802,333556,629,108,114,280,172,83,238,7668,,
2020-11-27,334596,2858,313372,5643773,334589,588,107,114,279,172,74,224,7694,,
2020-11-28,335178,2867,313794,5660954,335171,588,98,106,266,168,83,223,7707,,
2020-11-29,336202,2877,314903,5700475,336195,643,95,106,275,180,85,259,7738,,
2020-11-30,337459,2883,315642,5758006,337452,648,88,104,271,183,85,271,7769,,
2020-12-01,338658,2893,316343,5821985,338651,656,81,99,277,196,86,271,7811,,
2020-12-02,340247,2898,317188,5893270,340240,666,85,100,292,207,104,254,7851,,
2020-12-03,341699,2908,318617,5957451,341692,683,83,106,309,226,99,255,7894,,
2020-12-04,343215,2917,319484,6017853,343208,703,92,113,324,232,96,261,7932,,
2020-12-05,344215,2927,320082,6043221,344208,701,86,108,332,246,91,261,7964,,
2020-12-06,345579,2935,321483,6085287,345572,735,83,115,344,261,91,279,7998,,
2020-12-07,347438,2942,322393,6151379,347431,728,84,113,335,251,101,272,8034,,
2020-12-08,349206,2954,323288,6220535,349199,735,89,115,327,238,118,274,8062,,
2020-12-09,351073,2967,324319,6294404,351066,745,90,112,322,232,114,287,8097,,
2020-12-10,353079,2980,325759,6370741,353072,763,94,110,319,225,128,289,8131,,
2020-12-11,354914,2991,326907,6446429,354907,771,98,113,338,240,111,298,8181,,
2020-12-12,356212,3007,327829,6490423,356205,779,101,119,344,243,124,296,8217,,
2020-12-13,357941,3016,329746,6540938,357934,866,99,116,379,280,137,324,8276,,
2020-12-14,360255,3027,331016,6613150,360248,911,95,120,386,291,155,331,8327,,
2020-12-15,363145,3043,332225,6695464,363138,927,98,118,390,292,172,332,8380,,
2020-12-16,365998,3058,333854,6777941,365991,928,101,126,402,301,177,319,8435,,
2020-12-17,368845,3075,335807,6857061,368838,962,104,129,426,322,157,334,8504,,
2020-12-18,371638,3091,337374,6932482,371631,980,102,129,451,349,147,355,8561,,
2020-12-19,373524,3110,338468,6993450,373517,998,111,144,465,354,148,364,8619,43,0
2020-12-20,376617,3129,341054,7065527,376610,1090,107,146,468,361,185,401,8677,7372,0
2020-12-21,380470,3145,342623,7159313,380463,1102,112,151,485,373,196,394,8742,24884,0
2020-12-22,384850,3158,344250,7252811,384843,1153,112,148,509,397,175,429,8816,44614,0
2020-12-23,388887,3183,346291,7350562,388880,1165,116,147,507,391,201,407,8884,62832,0
2020-12-24,392941,3198,349174,7451335,392934,1177,124,153,524,400,198,419,8956,73328,0
2020-12-25,396953,3219,351587,7536702,396946,1225,136,174,551,415,197,417,9035,38448,0
2020-12-26,399612,3242,353416,7600390,399605,1269,131,169,576,445,200,454,9109,32573,0
2020-12-27,403140,3263,357646,7672028,403133,1385,147,185,611,464,237,478,9190,104367,0
2020-12-28,408659,3295,360133,7770135,408652,1351,145,186,611,466,202,485,9279,134804,0
2020-12-29,414298,3320,362529,7868026,414291,1376,157,202,634,477,193,503,9364,155942,0
2020-12-30,420166,3336,366273,7969599,420159,1400,156,206,660,504,209,486,9460,152723,0
2020-12-31,426040,3372,370560,8071495,426033,1448,164,217,701,537,195,495,9564,158171,0
2021-01-01,432061,3406,374043,8170874,432054,1482,164,225,728,564,196,516,9669,71234,0
2021-01-02,436279,3432,376105,8246825,436272,1511,177,219,739,562,223,525,9742,71624,0
2021-01-03,441509,3458,381701,8325299,441502,1704,189,255,793,604,257,605,9851,149404,0
2021-01-04,449916,3496,384810,8434874,449909,1733,199,259,823,624,277,572,9971,151836,1
2021-01-05,458153,3519,387785,8549312,458146,1795,209,273,863,654,266,615,10111,124851,0
2021-01-06,466031,3563,392604,8669883,466024,1832,218,275,907,689,260,602,10245,103074,0
2021-01-07,473679,3611,398494,8785576,473672,1866,220,280,915,695,276,630,10365,115822,4
2021-01-08,481839,3657,403367,8900248,481832,1892,219,293,925,706,272,625,10480,66294,3
2021-01-09,486997,3677,406475,8978800,486990,1947,230,290,987,757,279,636,10596,44454,22
2021-01-10,493934,3720,414888,9073298,493927,2137,238,301,1065,827,306,676,10729,37536,5985
2021-01-11,503647,3748,419770,9196869,503640,2141,259,316,1074,815,312,676,10876,21013,19237
2021-01-12,512945,3804,424367,9315081,512938,2129,248,312,1070,822,294,691,11014,23906,35638
2021-01-13,522416,3861,432436,9434490,522409,2138,258,317,1083,825,316,662,11168,51916,56815
2021-01-14,531711,3920,441705,9556384,531704,2173,260,327,1131,871,319,653,11316,56302,68754
2021-01-15,540140,3972,449770,9655960,540133,2192,262,323,1157,895,293,689,11446,30614,35882
2021-01-16,545227,4019,454073,9726183,545220,2196,259,316,1174,915,289,694,11551,29367,25977
2021-01-17,550874,4075,465056,9788907,550867,2389,271,339,1181,910,342,772,11711,68254,84455
2021-01-18,560991,4121,471260,9888065,560984,2286,268,344,1165,897,321,742,11843,69525,120211
2021-01-19,569616,4164,476795,9981365,569609,2251,284,361,1177,893,316,680,11988,72576,137521
2021-01-20,577980,4220,485638,10072021,577973,2204,288,369,1169,881,312,657,12113,76532,143397
2021-01-21,585253,4268,495711,10152172,585246,2160,299,386,1153,854,304,643,12245,69579,163956
2021-01-22,592641,4334,504258,10235641,592634,2105,309,398,1149,840,297,616,12369,37713,70923
2021-01-23,595090,4385,508473,10265763,595083,2104,299,407,1173,874,291,596,12500,39847,53474
2021-01-24,600035,4462,519109,10318550,600028,2220,319,396,1181,862,321,671,12630,68938,140338
2021-01-25,608766,4522,524770,10407113,608759,2137,228,390,1168,940,299,622,12789,80732,139166
2021-01-26,616566,4575,529894,10488061,616559,2083,299,401,1181,882,260,591,12935,78476,126062
2021-01-27,624294,4636,538646,10571365,624287,2028,293,394,1149,856,263,566,13054,77690,124722
2021-01-28,631478,4685,547951,10647483,631471,2025,314,401,1171,857,248,566,13180,79409,130290
2021-01-29,638238,4730,555563,10719441,638231,1991,314,419,1140,826,238,572,13275,36521,64610
2021-01-30,640861,4768,559139,10745536,640854,1958,296,387,1143,847,221,558,13363,34286,42663
2021-01-31,646087,4819,569308,10798817,646080,2103,298,396,1147,849,268,634,13487,73175,59339
2021-02-01,655013,4866,574487,10888590,655006,2070,306,402,1129,823,266,619,13615,82271,35206
2021-02-02,663042,4927,578916,10974400,663035,2051,308,412,1095,787,304,584,13737,69861,30947
2021-02-03,670516,4984,587190,11057839,670509,2015,318,399,1129,811,291,549,13881,60071,51266
2021-02-04,677769,5032,595388,11139450,677762,1961,323,390,1109,786,276,516,13999,72386,57920
2021-02-05,684353,5065,602698,11221076,684346,1872,328,392,1119,791,237,466,14116,33777,28656
2021-02-06,687010,5117,605777,11249236,687003,1862,319,402,1122,803,227,475,14201,21532,22139
2021-02-07,691606,5161,615577,11301312,691599,2004,319,408,1140,821,278,518,14316,53941,68542
2021-02-08,699447,5191,620617,11389460,699440,1961,300,403,1112,812,292,508,14449,58480,65202
2021-02-09,705611,5233,625556,11468356,705604,1860,301,387,1064,763,277,471,14538,66118,67276
2021-02-10,711287,5265,633877,11543208,711280,1826,302,387,1042,740,255,479,14651,70337,71946
2021-02-11,716296,5295,642698,11617181,716289,1767,303,371,1000,697,242,474,14731,80892,71530
2021-02-12,720960,5336,649974,11682665,720953,1687,295,361,964,669,232,454,14804,38936,37409
2021-02-13,722847,5365,653408,11706791,722840,1676,298,373,970,672,220,445,14886,27388,30345
2021-02-14,726330,5402,663085,11752553,726323,1786,297,361,1014,717,244,463,14998,74727,68869
2021-02-15,731519,5418,667981,11820962,731512,1747,284,373,1000,716,231,464,15104,81319,75487
2021-02-16,736088,5460,671746,11892488,736081,1670,279,349,946,667,218,482,15176,83314,78036
2021-02-17,740255,5487,678305,11954782,740248,1650,294,357,949,655,213,460,15263,61795,75334
2021-02-18,743587,5522,685842,12005722,743580,1593,280,334,894,614,204,455,15330,68975,79491
2021-02-19,747379,5544,691768,12066902,747372,1487,283,344,833,550,193,421,15384,39559,37990
2021-02-20,748634,5569,695186,12085928,748627,1482,273,326,821,548,196,437,15442,31583,28643
2021-02-21,751741,5593,702636,12134646,751734,1587,264,322,813,549,229,491,15507,79312,78341
2021-02-22,756550,5609,706328,12202728,756543,1490,257,321,809,552,221,428,15600,84875,80351
2021-02-23,760997,5644,709506,12274549,760990,1459,249,304,792,543,189,424,15684,77193,70226
2021-02-24,765371,5671,714909,12348310,765364,1420,246,296,785,539,181,414,15764,60874,62868
2021-02-25,769185,5694,719942,12416478,769178,1354,242,291,748,506,179,385,15835,51505,64542
2021-02-26,772998,5716,723713,12480539,772991,1329,235,294,740,505,171,386,15896,25752,31886
2021-02-27,774436,5745,725287,12504336,774429,1358,232,293,736,504,192,400,15948,18255,21125
2021-02-28,777504,5766,730972,12557404,777497,1455,232,283,745,513,213,443,16008,40164,55708
2021-03-01,782363,5784,733719,12645899,782356,1412,231,266,730,499,201,430,16103,45509,61265
2021-03-02,786741,5805,736643,12736473,786734,1370,218,259,702,484,202,435,16176,41003,64520
2021-03-03,791410,5822,741257,12828957,791403,1339,209,253,717,508,192,383,16264,41781,66559
2021-03-04,795069,5839,746074,12918754,795062,1323,215,258,707,492,181,400,16334,39475,78845
2021-03-05,798784,5857,750081,13018052,798777,1237,211,258,666,455,168,362,16402,17164,40321
2021-03-06,800662,5877,752005,13058149,800655,1217,219,262,696,477,158,333,16480,10567,25277
2021-03-07,803008,5892,757723,13120451,803001,1315,214,264,704,490,193,379,16529,30965,72677
2021-03-08,806792,5914,760411,13216371,806785,1280,211,262,674,463,203,360,16611,27162,73077
2021-03-09,809912,5929,763337,13308815,809905,1229,205,252,664,459,173,352,16653,26501,76472
2021-03-10,812745,5946,767954,13404779,812738,1197,202,245,644,442,176,342,16718,23090,58502
2021-03-11,815294,5964,772967,13487789,815287,1164,197,252,633,436,157,338,16768,23057,68882
2021-03-12,817707,5976,776884,13571076,817700,1097,210,254,615,405,143,312,16827,11096,41295
2021-03-13,818490,5992,778927,13597548,818483,1110,207,259,610,403,152,315,16865,7847,25180
2021-03-14,819879,6019,784767,13654482,819872,1171,214,270,628,414,177,330,16925,20829,73825
2021-03-15,822002,6035,787432,13740727,821995,1095,210,256,593,383,157,308,16974,19903,78047
2021-03-16,823566,6052,789679,13813539,823559,1044,203,270,586,383,156,273,17029,18531,71352
2021-03-17,825096,6065,793321,13891270,825089,999,202,253,556,354,136,283,17063,17501,58830
2021-03-18,826342,6073,796925,13954929,826335,982,200,246,564,364,139,247,17118,15827,57961
2021-03-19,827426,6085,799480,14015203,827419,923,202,237,549,347,118,233,17161,6753,27867
2021-03-20,827775,6092,800944,14033808,827768,913,204,243,533,329,137,225,17194,5116,15226
2021-03-21,828449,6106,804441,14079888,828442,957,206,247,546,340,130,248,17234,13030,40362
2021-03-22,829428,6119,806135,14137895,829421,873,207,242,506,299,110,234,17258,13350,40370
2021-03-23,830116,6134,806874,14177808,830109,815,200,245,494,294,98,199,17293,2601,7154
2021-03-24,830594,6144,809128,14221487,830587,819,208,233,475,267,114,216,17323,10787,46347
2021-03-25,831437,6154,811236,14284775,831430,796,207,243,476,269,100,198,17357,10006,35254
2021-03-26,831957,6165,812730,14332077,831950,710,202,231,452,250,75,164,17377,3997,13214
2021-03-27,832188,6171,813590,14348394,832181,663,201,227,436,235,63,151,17388,1710,4200
2021-03-28,832317,6183,814472,14359424,832310,673,205,231,444,239,67,143,17411,2037,4547
2021-03-29,832680,6193,815943,14399978,832673,709,198,227,434,236,85,166,17426,6761,29855
2021-03-30,833123,6204,816770,14442850,833116,650,193,215,395,202,81,158,17441,7652,22230
2021-03-31,833615,6220,817854,14480772,833608,602,198,221,383,185,64,144,17456,7949,19248
2021-04-01,833950,6227,818922,14514884,833943,572,187,207,370,183,55,133,17468,7944,18467
2021-04-02,834368,6243,819567,14547353,834361,530,173,189,332,159,62,123,17476,2768,7964
2021-04-03,834492,6250,820033,14558926,834485,523,168,188,336,168,58,121,17488,1339,2878
2021-04-04,834688,6258,821099,14589961,834681,533,172,189,329,157,53,137,17499,9533,22712
2021-04-05,835068,6264,821611,14645622,835061,504,167,188,307,140,55,131,17511,10170,21078
2021-04-06,835373,6270,822106,14703025,835366,503,155,181,301,146,53,139,17521,8764,16550
2021-04-07,835649,6279,822530,14754648,835642,485,149,168,289,140,51,131,17533,8671,15090
2021-04-08,835861,6290,823169,14795493,835854,454,143,160,265,122,46,129,17542,9162,16743
2021-04-09,836084,6300,823749,14829732,836077,431,138,160,255,117,51,111,17556,3364,6053
2021-04-10,836170,6309,824137,14840384,836163,423,136,151,247,111,56,111,17562,1491,3429
2021-04-11,836309,6315,824914,14877826,836302,423,130,151,244,114,48,119,17572,8894,14092
2021-04-12,836530,6321,825277,14936447,836523,406,123,140,237,114,44,112,17582,8701,13022
2021-04-13,836729,6334,825658,15009591,836722,370,114,127,220,106,42,95,17593,5594,4779
2021-04-14,836925,6337,826143,15065081,836918,347,116,125,201,85,43,95,17595,3423,5108
2021-04-15,837020,6339,826402,15078505,837013,326,114,120,186,72,44,87,17597,450,413
2021-04-16,837129,6344,826769,15107779,837122,325,114,120,181,67,44,90,17602,3188,6457
2021-04-17,837212,6351,826983,15118440,837205,320,111,116,178,67,44,90,17606,743,1912
2021-04-18,837353,6355,827531,15154438,837346,330,105,110,181,76,44,96,17618,6963,7351
2021-04-19,837486,6358,827732,15204782,837479,307,103,104,173,70,47,77,17627,6204,6967
2021-04-20,837645,6361,827960,15257312,837638,281,98,100,160,62,40,73,17631,6043,6685
2021-04-21,837759,6363,828197,15303034,837752,266,92,97,155,63,35,67,17637,6148,6900
2021-04-22,837888,6365,828533,15336721,837881,250,90,95,147,57,35,63,17639,5741,7467
2021-04-23,837996,6370,828799,15371017,837989,228,87,90,145,58,22,58,17645,2584,3231
2021-04-24,838035,6374,828915,15379439,838028,224,85,89,138,53,26,58,17647,679,1211
2021-04-25,838112,6376,829109,15409275,838105,234,79,87,137,58,28,64,17648,4716,6824
2021-04-26,838205,6379,829256,15447465,838198,221,75,79,137,62,23,56,17658,5331,7724
2021-04-27,838292,6384,829405,15480211,838285,209,66,74,130,64,19,52,17660,4348,6413
2021-04-28,838387,6384,829583,15515820,838380,204,66,73,121,55,23,50,17660,4309,7093
2021-04-29,838481,6386,829754,15549157,838474,187,61,64,107,46,26,50,17661,4189,7085
2021-04-30,838560,6388,829884,15584300,838553,174,64,65,103,39,31,38,17664,1738,2991
2021-05-01,838573,6390,829955,15593175,838566,173,61,65,103,42,30,38,17666,380,820
2021-05-02,838623,6391,830175,15620744,838616,179,59,60,98,39,38,37,17669,3161,5946
2021-05-03,838688,6393,830327,15657039,838681,173,61,63,92,31,34,42,17671,3398,5630
2021-05-04,838752,6395,830433,15694901,838745,165,53,55,87,34,32,40,17673,3381,4526
2021-05-05,838820,6397,830576,15733887,838813,163,53,55,87,34,32,40,17675,3108,3860
2021-05-06,838868,6399,830721,15764575,838861,143,52,53,80,28,28,34,17676,3437,2916
2021-05-07,838901,6401,830809,15797418,838894,150,49,50,78,29,22,44,17676,1662,2280
2021-05-08,838917,6402,830872,15808651,838910,142,48,49,78,30,26,38,17678,175,423
2021-05-09,838950,6403,831020,15834435,838943,149,48,49,74,26,29,40,17678,2764,4625
2021-05-10,839001,6405,831077,15873281,838994,140,45,46,70,25,27,37,17679,2763,4521
2021-05-11,839035,6406,831161,15907522,839028,131,42,44,70,28,25,33,17679,2414,3638
2021-05-12,839062,6406,831255,15937587,839055,125,40,42,64,24,28,30,17679,1814,3092
2021-05-13,839092,6409,831328,15958381,839085,118,38,40,57,19,25,33,17680,1813,3473
2021-05-14,839119,6409,831393,15979137,839112,115,38,40,59,21,24,31,17681,770,1332
2021-05-15,839139,6410,831439,15984514,839132,113,39,40,58,19,25,28,17681,132,173
2021-05-16,839168,6411,831541,15999750,839161,113,38,41,61,23,23,26,17683,425,1134
2021-05-17,839183,6414,831560,16008695,839176,106,38,40,57,19,22,26,17683,187,756
2021-05-18,839205,6414,831653,16034715,839198,110,37,38,53,16,24,32,17683,1817,4796
2021-05-19,839260,6414,831744,16068087,839253,108,37,38,52,15,20,35,17685,2030,4874
2021-05-20,839293,6414,831818,16091783,839286,113,39,40,56,17,18,31,17689,2093,3712
2021-05-21,839315,6416,831851,16118962,839308,102,38,38,51,13,21,27,17689,1005,1223
2021-05-22,839327,6416,831875,16126217,839320,98,38,39,51,13,21,25,17689,139,323
2021-05-23,839353,6417,831961,16144571,839346,100,38,39,52,14,20,23,17691,2195,3118
2021-05-24,839381,6418,831990,16180514,839374,94,36,38,51,15,21,21,17691,1979,3459
2021-05-25,839403,6419,832032,16209267,839396,97,35,37,47,12,23,25,17691,1645,2436
2021-05-26,839417,6419,832068,16236735,839410,98,32,35,44,12,26,22,17691,1215,2321
2021-05-27,839431,6421,832108,16265747,839424,87,31,33,42,11,24,19,17692,1632,2942
2021-05-28,839449,6422,832148,16298476,839442,84,31,33,40,9,20,24,17693,615,1240
2021-05-29,839461,6422,832165,16308223,839454,81,32,32,40,8,21,16,17693,103,161
2021-05-30,839464,6422,832236,16329353,839457,81,30,31,40,10,20,20,17694,1544,1844
2021-05-31,839478,6422,832263,16357153,839471,81,32,32,40,8,18,17,17695,1520,1946
2021-06-01,839513,6423,832299,16381267,839506,82,26,30,40,14,18,23,17696,1171,1665
2021-06-02,839526,6423,832347,16398770,839519,74,26,27,36,10,17,20,17697,1286,1425
2021-06-03,839536,6424,832486,16414815,839529,71,26,27,36,10,18,16,17698,1500,1289
2021-06-04,839567,6424,832497,16432297,839560,72,24,26,35,11,16,18,17698,923,546
2021-06-05,839571,6425,832504,16439431,839564,67,24,25,34,10,16,16,17698,103,66
2021-06-06,839575,6425,832560,16456118,839568,69,24,25,36,12,14,19,17698,4173,873
2021-06-07,839581,6425,832612,16479873,839574,64,19,22,32,13,12,18,17698,4218,663
2021-06-08,839610,6426,832629,16502906,839603,60,18,21,31,13,12,15,17699,3545,1013
2021-06-09,839616,6426,832653,16519639,839609,58,18,21,31,13,11,16,17699,3450,1127
2021-06-10,839634,6426,832683,16537416,839627,61,19,22,31,12,11,17,17699,3178,1120
2021-06-11,839652,6426,832704,16554716,839645,58,19,22,31,12,11,13,17699,1237,404
2021-06-12,839657,6427,832719,16565147,839650,55,21,21,29,8,10,15,17699,137,89
2021-06-13,839660,6428,832747,16584692,839653,62,19,19,27,8,11,21,17699,3024,1165
2021-06-14,839686,6428,832770,16613275,839679,61,19,20,28,9,13,15,17700,2873,1346
2021-06-15,839712,6428,832786,16639382,839705,54,17,18,25,8,12,15,17700,2945,1179
2021-06-16,839725,6428,832795,16660787,839718,53,16,17,23,7,12,16,17700,2557,827
2021-06-17,839751,6428,832838,16680817,839744,55,17,18,22,5,12,15,17700,2533,1008
2021-06-18,839786,6428,832849,16707400,839779,47,17,18,21,4,13,13,17700,1074,330
2021-06-19,839832,6428,832858,16724798,839825,46,17,18,21,4,11,14,17700,140,78
2021-06-20,839881,6428,832945,16757584,839874,51,17,18,23,6,11,14,17702,3215,1211
2021-06-21,840006,6428,832984,16804951,839999,58,20,19,23,3,14,14,17702,5032,1047
2021-06-22,840117,6428,832995,16847756,840110,54,18,19,26,8,12,14,17704,6713,902
2021-06-23,840257,6429,833019,16888316,840250,56,17,19,25,8,12,17,17704,10566,1099
2021-06-24,840486,6429,833063,16927343,840479,53,14,15,23,9,13,12,17704,11842,1293
2021-06-25,840716,6429,833082,16981658,840709,48,15,17,24,9,11,12,17705,6913,764
2021-06-26,840830,6429,833097,17013038,840823,49,16,18,25,9,11,12,17706,2175,108
2021-06-27,840975,6429,833172,17050873,840968,62,16,17,24,8,14,20,17707,13513,3279
2021-06-28,841262,6429,833232,17114750,841255,68,17,17,22,5,10,20,17707,14314,3463
2021-06-29,841486,6429,833293,17160687,841479,50,16,17,22,6,12,16,17707,11202,2408
